{
    "auth": {
        "tnweb2cdf60ba": {
            "service": "Cognito",
            "providerPlugin": "awscloudformation",
            "dependsOn": []
        }
    },
    "api": {
        "tnweb": {
            "service": "AppSync",
            "providerPlugin": "awscloudformation",
            "output": {
                "authConfig": {
                    "additionalAuthenticationProviders": [],
                    "defaultAuthentication": {
                        "authenticationType": "AMAZON_COGNITO_USER_POOLS",
                        "userPoolConfig": {
                            "userPoolId": "authtnweb2cdf60ba"
                        }
                    }
                }
            }
        }
    },
    "storage": {
        "filmstorage": {
            "service": "S3",
            "providerPlugin": "awscloudformation"
        }
    },
    "hosting": {
        "amplifyhosting": {
            "service": "amplifyhosting",
            "providerPlugin": "awscloudformation",
            "type": "manual"
        }
    }
}