{
    "bucketName": "tnwebbb306b2416c74f91af9e95e961d53145",
    "authPolicyName": "s3_amplify_ad667749",
    "unauthPolicyName": "s3_amplify_ad667749",
    "authRoleName": {
        "Ref": "AuthRoleName"
    },
    "unauthRoleName": {
        "Ref": "UnauthRoleName"
    },
    "selectedGuestPermissions": [
        "s3:GetObject",
        "s3:ListBucket"
    ],
    "selectedAuthenticatedPermissions": [
        "s3:PutObject"
    ],
    "s3PermissionsAuthenticatedPublic": "s3:PutObject",
    "s3PublicPolicy": "Public_policy_443a92bb",
    "s3PermissionsAuthenticatedUploads": "s3:PutObject",
    "s3UploadsPolicy": "Uploads_policy_443a92bb",
    "s3PermissionsAuthenticatedProtected": "s3:PutObject",
    "s3ProtectedPolicy": "Protected_policy_443a92bb",
    "s3PermissionsAuthenticatedPrivate": "s3:PutObject",
    "s3PrivatePolicy": "Private_policy_443a92bb",
    "AuthenticatedAllowList": "DISALLOW",
    "s3ReadPolicy": "read_policy_443a92bb",
    "s3PermissionsGuestPublic": "DISALLOW",
    "s3PermissionsGuestUploads": "DISALLOW",
    "GuestAllowList": "DISALLOW",
    "triggerFunction": "NONE"
}